source,instance,COST,TIME,mem_avg,mem_max,mem_lookups
mcs,"instances/burma14.tsp
",20315.0,0.016796,2.5731926305970148,4.08203125,335
mcs,"instances/dantzig42.tsp
",12528.0,0.540215,5.030321782178218,6.91015625,7676
mcs,"instances/att48.tsp
",209320.0,0.842393,5.570960468426501,7.6484375,12075
mcs,"instances/brg180.tsp
",174750.0,74.773071,14.108886021441416,14.28515625,1007641
mcs,"instances/gr229.tsp
",10737723.0,227.928522,18.270603374237574,18.37890625,3270311
mcs,"instances/pr299.tsp
",6556628.0,577.651727,18.673288082269995,23.1484375,8262490
mcs,"instances/si175.tsp
",1808532.0,77.537644,14.5686474271616,14.640625,1106645
mcs,"instances/rat99.tsp
",57986.0,17.412581,11.320485230975825,11.41015625,245188
mcs,"instances/pr152.tsp
",5064566.0,43.107314,12.357775556555818,12.53125,620670
