source,instance,COST,TIME,mem_avg,mem_max,mem_lookups
mcs,"instances/burma14.tsp
",20315.0,0.025167,2.6947234623015874,4.2265625,504
mcs,"instances/dantzig42.tsp
",12528.0,0.629951,5.116238516928755,6.76953125,9348
mcs,"instances/att48.tsp
",209320.0,0.943475,5.683485336919694,7.49609375,13872
mcs,"instances/brg180.tsp
",174750.0,87.464245,18.3031845967556,18.53125,1255718
mcs,"instances/gr229.tsp
",10737723.0,320.040119,22.706216405630684,25.26171875,4193132
mcs,"instances/pr299.tsp
",6556628.0,675.038713,26.10358797213692,26.859375,9619879
mcs,"instances/si175.tsp
",1808532.0,87.349404,18.595374895646646,18.671875,1317938
mcs,"instances/rat99.tsp
",57986.0,19.899835,12.472916575888483,12.7421875,301215
mcs,"instances/pr152.tsp
",5064566.0,48.048565,15.34688158155275,15.53515625,722189
