source,instance,COST,TIME,mem,cpu
,,57986.0,5.623625222,,
,,57986.0,4.821960184,,
,,57986.0,5.377121172,,
,,57986.0,5.019264028,,
