source,instance,COST,TIME,mem_avg,mem_max,mem_lookups
java,"instances/burma14.tsp
",20315.0,0.113726235,16.770830853174605,27.3046875,3150
java,"instances/dantzig42.tsp
",12528.0,0.522255443,48.25018873143918,61.03125,8755
java,"instances/att48.tsp
",209320.0,0.595728079,52.84675721864443,65.7734375,9472
java,"instances/brg180.tsp
",174750.0,21.137567327,85.94834471113882,89.9453125,300750
java,"instances/gr229.tsp
",10737723.0,73.273206589,149.54573673804714,153.515625,957113
java,"instances/pr299.tsp
",6556628.0,179.819109739,275.0987022391161,276.4609375,2559132
java,"instances/si175.tsp
",1808532.0,21.675099443,86.29442170618765,89.2421875,326546
java,"instances/rat99.tsp
",57986.0,5.195248952,85.96569471926351,88.5546875,79661
java,"instances/pr152.tsp
",5064566.0,12.157202372,87.38458459781323,89.50390625,182552
