source,instance,COST,TIME,mem_avg,mem_max,mem_lookups
julia,"instances/burma14.tsp
",20315.0,0.567241,136.07492186943514,182.00390625,28078
julia,"instances/dantzig42.tsp
",12528.0,15.795249,163.5961206768921,182.80859375,236404
julia,"instances/att48.tsp
",209320.0,23.096076,164.67086583815473,182.7265625,343002
julia,"instances/brg180.tsp
",174750.0,1811.180212,168.231013641096,184.6015625,24713740
julia,"instances/gr229.tsp
",10737723.0,5258.357919,170.68631114352905,199.51171875,74585982
julia,"instances/pr299.tsp
",6556628.0,11899.986043,178.93148290738472,214.92578125,168255842
julia,"instances/si175.tsp
",1808532.0,1951.232421,167.3355638932951,185.296875,27562135
julia,"instances/rat99.tsp
",57986.0,461.128334,162.07824975596372,184.203125,6557427
julia,"instances/pr152.tsp
",5064566.0,1060.647047,165.25134900867266,184.91015625,15000280
