source,instance,COST,TIME,mem_avg,mem_max,mem_lookups
julia,"instances/burma14.tsp
",20315.0,0.211109,128.5720918149352,151.546875,25306
julia,"instances/dantzig42.tsp
",12528.0,0.367973,130.50004891521968,176.3828125,27471
julia,"instances/att48.tsp
",209320.0,0.464218,132.28848241727013,179.34765625,29690
julia,"instances/brg180.tsp
",174750.0,23.316315,173.80134532592203,206.69921875,338413
julia,"instances/gr229.tsp
",10737723.0,74.353422,176.38405848841137,207.8671875,981804
julia,"instances/pr299.tsp
",6556628.0,180.617561,192.5246513301313,219.41796875,2609000
julia,"instances/si175.tsp
",1808532.0,22.740923,170.32378009551573,204.890625,365856
julia,"instances/rat99.tsp
",57986.0,4.836419,174.1830824490696,197.55078125,94688
julia,"instances/pr152.tsp
",5064566.0,12.14772,189.25593351300188,203.78125,205355
