COST,TIME,instance,mem_avg,mem_lookups,mem_max,source
209320.0,0.1991359999999999,instances/att48.tsp,133.46286161794026,76490,150.76953125,julia
209320.0,0.198968,instances/att48.tsp,125.02609954400002,87267,150.78515625,julia
285765.0,46.283526,instances/gil262.tsp,205.4846619381336,4088561,232.3203125,julia
20315.0,0.142341,instances/burma14.tsp,128.00434914103607,31928,156.63671875,julia
