source,instance,COST,TIME,mem_avg,mem_max,mem_lookups
pypy,"instances/burma14.tsp
",20315.0,0.1950137615203857,25.755517614482503,32.34765625,4029
pypy,"instances/dantzig42.tsp
",12528.0,1.0648679733276367,32.268442367777574,37.49609375,16563
pypy,"instances/att48.tsp
",209320.0,1.4809331893920898,33.18679274073702,36.98046875,22374
pypy,"instances/brg180.tsp
",174750.0,130.26954579353333,49.77366146417575,53.703125,1747280
pypy,"instances/gr229.tsp
",10737723.0,393.2996878623962,52.327944663184304,54.4453125,5664834
pypy,"instances/pr299.tsp
",6556628.0,1049.5911469459534,55.36610841897894,58.046875,14812615
pypy,"instances/si175.tsp
",1808532.0,129.513081073761,48.705374702094566,53.37109375,1839405
pypy,"instances/rat99.tsp
",57986.0,26.123019218444824,44.37607658612689,48.8515625,374970
pypy,"instances/pr152.tsp
",5064566.0,67.75772547721863,44.42421176237182,48.8359375,956266
