COST,TIME,instance,mem_avg,mem_lookups,mem_max,source
209320.0,17.265591621398926,instances/att48.tsp,3.838933758638394,1485664,4.3359375,python3
209320.0,23.68983006477356,instances/att48.tsp,3.838968912127859,1672484,4.3359375,python3
209320.0,1.46022891998,instances/att48.tsp,35.047077042394356,80506,39.55859375,pypy
209320.0,1.72132301331,instances/att48.tsp,37.182097311960426,90812,42.28125,pypy
